timestamp,building_id,sensor_id,temperature,humidity,power_consumption
2025-10-03T09:00:00Z,B004,S03,24.1,60.9,740.0
2025-10-03T03:00:00Z,B004,S03,24.8,50.9,811.0
2025-10-03T18:00:00Z,B009,S02,16.8,73.7,690.0
2025-10-03T15:00:00Z,B002,S01,18.0,62.7,554.0
2025-10-04T12:00:00Z,B006,S02,20.4,59.0,695.0
2025-10-02T09:00:00Z,B009,S02,24.8,52.5,746.0
2025-10-04T21:00:00Z,B002,S01,17.0,61.9,561.0
2025-10-04T18:00:00Z,B007,S03,15.0,63.4,562.0
2025-10-04T18:00:00Z,B007,S01,16.8,66.7,647.0
2025-10-01T18:00:00Z,B001,S02,,68.3,522.0
2025-10-02T12:00:00Z,B010,S02,20.5,62.3,833.0
2025-10-02T00:00:00Z,B002,S01,20.6,47.2,718.0
2025-10-05T06:00:00Z,B001,S01,25.8,51.5,741.0
2025-10-01T00:00:00Z,B003,S02,22.1,55.0,672.0
2025-10-05T06:00:00Z,B005,S03,25.1,54.8,653.0
2025-10-01T03:00:00Z,B007,S01,24.0,49.7,704.0
2025-10-02T00:00:00Z,B010,S02,21.9,55.9,710.0
2025-10-05T21:00:00Z,B004,S01,16.4,55.3,529.0
2025-10-02T18:00:00Z,B006,S03,16.4,65.4,567.0
2025-10-04T15:00:00Z,B001,S03,16.8,71.7,671.0
2025-10-04T15:00:00Z,B006,S02,19.1,60.9,632.0
2025-10-01T21:00:00Z,B008,S02,17.4,59.4,636.0
2025-10-05T06:00:00Z,B004,S03,27.3,44.4,810.0
2025-10-01T09:00:00Z,B010,S03,26.3,50.2,814.0
2025-10-04T00:00:00Z,B005,S02,20.8,54.8,754.0
2025-10-02T09:00:00Z,B001,S02,22.8,57.3,606.0
2025-10-04T09:00:00Z,B010,S03,25.6,59.4,824.0
2025-10-01T12:00:00Z,B010,S02,22.1,56.5,812.0
2025-10-01T03:00:00Z,B008,S01,26.3,50.5,887.0
2025-10-04T06:00:00Z,B002,S02,27.4,51.7,707.0
2025-10-05T18:00:00Z,B003,S02,15.5,69.8,572.0
2025-10-03T12:00:00Z,B002,S01,20.6,62.2,669.0
2025-10-03T21:00:00Z,B008,S03,18.7,56.6,856.0
2025-10-02T03:00:00Z,B009,S01,24.8,49.2,780.0
2025-10-03T21:00:00Z,B001,S02,17.0,64.1,517.0
2025-10-01T18:00:00Z,B010,S03,17.3,66.4,706.0
2025-10-05T12:00:00Z,B007,S01,21.1,61.7,623.0
2025-10-02T06:00:00Z,B007,S03,25.5,49.1,836.0
2025-10-03T06:00:00Z,B001,S03,25.2,44.8,803.0
2025-10-04T15:00:00Z,B002,S02,17.3,68.0,692.0
2025-10-03T12:00:00Z,B006,S01,19.4,64.1,628.0
2025-10-03T12:00:00Z,B002,S03,20.1,55.9,717.0
2025-10-02T21:00:00Z,B009,S01,17.0,50.7,661.0
2025-10-01T21:00:00Z,B004,S02,16.5,53.9,596.0
2025-10-04T09:00:00Z,B009,S03,25.0,53.2,790.0
2025-10-02T18:00:00Z,B010,S03,-10.0,66.7,636.0
2025-10-02T18:00:00Z,B003,S03,14.8,61.4,480.0
2025-10-02T09:00:00Z,B005,S02,24.3,54.9,821.0
2025-10-01T03:00:00Z,B006,S03,25.1,51.7,775.0
2025-10-03T09:00:00Z,B003,S03,24.5,57.9,764.0
2025-10-05T15:00:00Z,B005,S02,17.6,69.1,646.0
2025-10-02T15:00:00Z,B006,S02,18.6,71.6,650.0
2025-10-05T03:00:00Z,B001,S03,25.5,51.9,788.0
2025-10-02T18:00:00Z,B004,S01,15.3,64.4,565.0
2025-10-03T00:00:00Z,B002,S03,21.0,51.1,528.0
2025-10-02T12:00:00Z,B007,S03,19.9,63.7,731.0
2025-10-01T21:00:00Z,B004,S01,16.0,59.9,692.0
2025-10-04T03:00:00Z,B010,S01,25.5,52.1,790.0
2025-10-01T15:00:00Z,B010,S01,18.4,69.2,692.0
2025-10-05T15:00:00Z,B009,S01,19.5,66.1,826.0
2025-10-01T09:00:00Z,B001,S03,22.7,57.3,733.0
2025-10-02T03:00:00Z,B001,S01,23.2,50.6,716.0
2025-10-02T21:00:00Z,B010,S01,18.4,62.4,659.0
2025-10-02T15:00:00Z,B001,S02,16.6,61.4,546.0
2025-10-01T15:00:00Z,B008,S03,17.3,66.1,584.0
2025-10-03T00:00:00Z,B003,S03,21.5,54.3,692.0
2025-10-02T12:00:00Z,B003,S01,21.1,62.7,682.0
2025-10-03T00:00:00Z,B009,S02,21.0,52.6,798.0
2025-10-01T15:00:00Z,B005,S03,17.9,66.0,626.0
2025-10-04T03:00:00Z,B007,S02,24.4,46.9,726.0
2025-10-03T18:00:00Z,B003,S01,14.8,71.3,485.0
2025-10-03T15:00:00Z,B007,S02,17.0,65.0,677.0
2025-10-05T03:00:00Z,B007,S03,24.8,52.4,823.0
2025-10-04T21:00:00Z,B007,S03,18.5,58.7,764.0
2025-10-01T06:00:00Z,B006,S02,24.5,50.0,784.0
2025-10-05T18:00:00Z,B008,S01,17.5,58.3,683.0
2025-10-02T12:00:00Z,B002,S02,20.2,60.3,664.0
2025-10-05T18:00:00Z,B003,S01,16.1,68.6,689.0
2025-10-02T06:00:00Z,B010,S01,27.6,50.2,842.0
2025-10-04T21:00:00Z,B005,S02,16.3,57.3,505.0
2025-10-01T15:00:00Z,B002,S03,17.4,65.2,572.0
2025-10-03T12:00:00Z,B009,S02,20.5,66.0,649.0
2025-10-02T06:00:00Z,B005,S02,25.9,52.0,745.0
2025-10-02T06:00:00Z,B006,S01,24.5,48.7,815.0
2025-10-02T18:00:00Z,B001,S02,14.1,60.5,511.0
2025-10-03T09:00:00Z,B007,S02,24.5,58.7,760.0
2025-10-01T03:00:00Z,B004,S01,24.2,50.3,710.0
2025-10-03T21:00:00Z,B006,S01,18.1,63.8,629.0
2025-10-03T03:00:00Z,B008,S01,23.6,47.0,809.0
2025-10-02T00:00:00Z,B010,S01,22.4,52.7,706.0
2025-10-02T12:00:00Z,B009,S02,21.2,58.7,778.0
2025-10-04T06:00:00Z,B002,S01,25.8,53.8,727.0
2025-10-01T00:00:00Z,B008,S03,20.8,53.3,701.0
2025-10-02T06:00:00Z,B002,S02,26.3,49.7,671.0
2025-10-01T00:00:00Z,B001,S02,19.5,50.8,647.0
2025-10-02T18:00:00Z,B005,S02,14.8,62.6,560.0
2025-10-03T12:00:00Z,B005,S01,21.7,59.9,679.0
2025-10-03T06:00:00Z,B004,S02,24.8,57.1,677.0
2025-10-04T21:00:00Z,B002,S03,19.0,61.2,672.0
2025-10-03T15:00:00Z,B001,S03,16.6,60.3,597.0
2025-10-02T03:00:00Z,B005,S01,24.0,50.9,773.0
2025-10-04T06:00:00Z,B004,S02,26.4,48.1,715.0
2025-10-01T18:00:00Z,B003,S03,15.4,67.4,541.0
2025-10-05T03:00:00Z,B004,S03,24.6,51.9,649.0
2025-10-04T18:00:00Z,B007,S02,16.9,67.3,-50.0
2025-10-03T03:00:00Z,B001,S03,23.6,49.0,723.0
2025-10-04T09:00:00Z,B006,S01,25.9,58.1,786.0
2025-10-02T03:00:00Z,B005,S03,25.2,50.5,933.0
2025-10-04T12:00:00Z,B008,S03,20.9,56.0,716.0
2025-10-04T12:00:00Z,B007,S01,22.8,69.5,620.0
2025-10-05T18:00:00Z,B009,S02,15.9,60.6,576.0
2025-10-03T12:00:00Z,B008,S02,20.6,64.8,651.0
2025-10-01T03:00:00Z,B010,S01,24.5,53.0,767.0
2025-10-05T15:00:00Z,B005,S03,17.0,73.6,609.0
2025-10-05T12:00:00Z,B005,S02,21.2,55.7,749.0
2025-10-03T03:00:00Z,B006,S03,23.2,47.5,788.0
2025-10-05T06:00:00Z,B007,S01,26.4,47.7,802.0
2025-10-03T12:00:00Z,B005,S02,21.9,63.9,845.0
2025-10-01T18:00:00Z,B008,S02,17.7,58.9,596.0
2025-10-04T06:00:00Z,B009,S01,27.4,56.6,843.0
2025-10-02T06:00:00Z,B009,S01,25.9,48.4,863.0
2025-10-04T18:00:00Z,B008,S03,17.6,61.8,541.0
2025-10-03T09:00:00Z,B002,S02,22.8,53.0,716.0
2025-10-04T15:00:00Z,B009,S03,18.2,60.9,584.0
2025-10-05T12:00:00Z,B010,S01,22.4,61.3,711.0
2025-10-04T09:00:00Z,B006,S02,23.9,53.1,590.0
2025-10-03T06:00:00Z,B005,S01,27.4,53.5,741.0
2025-10-03T06:00:00Z,B008,S01,26.9,55.4,765.0
2025-10-04T00:00:00Z,B006,S02,20.8,51.4,610.0
2025-10-02T15:00:00Z,B010,S03,18.3,66.9,678.0
2025-10-04T21:00:00Z,B005,S01,18.3,62.2,590.0
2025-10-03T03:00:00Z,B001,S01,23.1,55.6,628.0
2025-10-01T09:00:00Z,B006,S01,24.3,50.5,755.0
2025-10-02T15:00:00Z,B003,S01,16.9,70.4,563.0
2025-10-02T21:00:00Z,B004,S02,16.1,58.1,641.0
2025-10-03T09:00:00Z,B007,S01,24.5,50.5,793.0
2025-10-04T15:00:00Z,B005,S01,16.0,66.1,615.0
2025-10-04T09:00:00Z,B005,S01,23.4,55.6,677.0
2025-10-01T21:00:00Z,B006,S03,17.9,58.6,611.0
2025-10-01T15:00:00Z,B003,S02,17.4,66.7,718.0
2025-10-05T09:00:00Z,B003,S03,24.4,55.7,750.0
2025-10-05T00:00:00Z,B007,S02,22.3,54.0,626.0
2025-10-02T09:00:00Z,B004,S03,23.5,58.6,860.0
2025-10-04T06:00:00Z,B005,S03,25.6,49.0,839.0
2025-10-04T12:00:00Z,B006,S03,21.5,,685.0
2025-10-01T15:00:00Z,B003,S03,16.0,66.9,532.0
2025-10-04T12:00:00Z,B001,S03,20.4,63.9,552.0
2025-10-03T03:00:00Z,B009,S02,25.9,48.7,767.0
2025-10-02T12:00:00Z,B009,S03,21.6,65.3,774.0
2025-10-05T09:00:00Z,B008,S03,25.5,55.4,660.0
2025-10-03T09:00:00Z,B001,S03,22.8,56.9,726.0
2025-10-03T18:00:00Z,B010,S03,17.2,64.5,666.0
2025-10-01T12:00:00Z,B002,S03,20.0,60.7,621.0
2025-10-05T21:00:00Z,B006,S02,17.1,68.0,641.0
2025-10-02T18:00:00Z,B009,S03,16.1,67.7,695.0
2025-10-02T09:00:00Z,B008,S01,25.3,58.0,834.0
2025-10-02T15:00:00Z,B007,S01,16.7,71.9,478.0
2025-10-05T21:00:00Z,B010,S03,18.7,57.4,772.0
2025-10-02T06:00:00Z,B009,S03,27.1,54.7,834.0
2025-10-02T21:00:00Z,B008,S01,18.7,61.6,623.0
2025-10-01T12:00:00Z,B009,S01,21.5,59.5,725.0
2025-10-03T06:00:00Z,B010,S03,26.5,54.0,862.0
2025-10-03T21:00:00Z,B003,S01,15.6,63.4,442.0
2025-10-01T09:00:00Z,B009,S01,26.0,53.5,759.0
2025-10-01T12:00:00Z,B003,S02,20.7,58.0,655.0
2025-10-03T21:00:00Z,B001,S01,16.7,62.3,616.0
2025-10-05T00:00:00Z,B007,S03,20.4,55.3,708.0
2025-10-04T12:00:00Z,B002,S03,19.6,60.0,628.0
2025-10-04T03:00:00Z,B006,S02,23.2,49.3,645.0
2025-10-03T03:00:00Z,B008,S03,24.5,53.1,785.0
2025-10-04T15:00:00Z,B008,S01,18.2,67.9,654.0
2025-10-04T00:00:00Z,B003,S01,20.7,54.2,549.0
2025-10-01T09:00:00Z,B002,S01,23.2,54.4,776.0
2025-10-05T18:00:00Z,B010,S01,16.1,69.0,572.0
2025-10-01T09:00:00Z,B010,S01,25.4,60.3,848.0
2025-10-04T18:00:00Z,B009,S03,16.7,60.0,618.0
2025-10-02T03:00:00Z,B006,S02,25.2,53.1,807.0
2025-10-04T18:00:00Z,B003,S01,15.6,62.4,593.0
2025-10-04T06:00:00Z,B005,S01,24.9,43.6,645.0
2025-10-01T00:00:00Z,B007,S01,20.8,52.3,768.0
2025-10-02T12:00:00Z,B004,S03,21.5,63.3,596.0
2025-10-01T00:00:00Z,B007,S03,20.9,54.4,813.0
2025-10-04T18:00:00Z,B001,S02,15.2,71.1,462.0
2025-10-01T15:00:00Z,B005,S02,16.9,70.4,615.0
2025-10-05T12:00:00Z,B004,S01,21.7,61.8,2500.0
2025-10-02T09:00:00Z,B002,S02,24.3,52.5,717.0
2025-10-05T18:00:00Z,B010,S03,16.7,67.1,546.0
2025-10-02T00:00:00Z,B002,S02,19.8,55.1,673.0
2025-10-04T12:00:00Z,B005,S02,20.1,63.1,687.0
2025-10-04T03:00:00Z,B003,S02,24.8,57.5,718.0
2025-10-04T21:00:00Z,B006,S01,17.6,58.3,659.0
2025-10-01T15:00:00Z,B002,S01,18.1,64.7,518.0
2025-10-01T15:00:00Z,B008,S01,18.4,62.4,605.0
2025-10-01T09:00:00Z,B003,S02,24.1,51.6,691.0
2025-10-01T12:00:00Z,B002,S02,20.4,66.7,706.0
2025-10-01T18:00:00Z,B007,S02,16.8,57.3,693.0
2025-10-02T12:00:00Z,B005,S01,20.8,59.7,738.0
2025-10-01T21:00:00Z,B007,S03,17.4,58.6,692.0
2025-10-01T06:00:00Z,B001,S02,25.5,58.4,740.0
2025-10-04T21:00:00Z,B007,S01,16.9,56.5,560.0
2025-10-05T21:00:00Z,B008,S01,19.0,63.9,635.0
2025-10-02T03:00:00Z,B004,S02,24.5,44.9,791.0
2025-10-02T12:00:00Z,B002,S01,21.2,59.5,778.0
2025-10-03T06:00:00Z,B010,S02,25.9,51.5,801.0
2025-10-04T12:00:00Z,B005,S01,19.8,68.8,693.0
2025-10-05T18:00:00Z,B001,S01,14.7,67.2,632.0
2025-10-03T00:00:00Z,B009,S03,22.5,57.2,671.0
2025-10-01T09:00:00Z,B005,S03,25.4,62.5,707.0
2025-10-02T09:00:00Z,B005,S03,23.2,55.6,734.0
2025-10-02T18:00:00Z,B008,S03,16.0,65.0,575.0
2025-10-02T06:00:00Z,B008,S02,25.5,46.5,721.0
2025-10-05T15:00:00Z,B008,S01,18.5,66.7,648.0
2025-10-04T18:00:00Z,B008,S01,15.0,62.1,604.0
2025-10-02T15:00:00Z,B001,S01,17.7,64.6,586.0
2025-10-01T18:00:00Z,B002,S02,14.9,70.1,542.0
2025-10-05T18:00:00Z,B005,S01,15.6,63.9,634.0
2025-10-04T00:00:00Z,B002,S03,20.9,53.9,726.0
2025-10-04T06:00:00Z,B003,S02,24.6,50.2,754.0
2025-10-05T09:00:00Z,B008,S01,24.6,52.9,843.0
2025-10-04T21:00:00Z,B003,S03,18.3,61.0,558.0
2025-10-02T12:00:00Z,B004,S01,21.4,59.4,674.0
2025-10-03T09:00:00Z,B009,S02,23.4,54.6,797.0
2025-10-03T12:00:00Z,B001,S01,20.2,55.9,612.0
2025-10-01T00:00:00Z,B010,S03,21.3,51.6,778.0
2025-10-04T21:00:00Z,B001,S02,16.0,59.6,528.0
2025-10-05T18:00:00Z,B005,S02,17.2,65.0,574.0
2025-10-01T09:00:00Z,B004,S01,24.4,54.9,644.0
2025-10-03T12:00:00Z,B001,S02,20.7,66.4,634.0
2025-10-04T18:00:00Z,B003,S03,16.3,69.2,578.0
2025-10-04T18:00:00Z,B001,S03,14.7,69.1,568.0
2025-10-01T12:00:00Z,B001,S01,18.8,62.2,538.0
2025-10-04T12:00:00Z,B003,S02,20.2,62.1,678.0
2025-10-02T03:00:00Z,B006,S01,25.4,52.6,801.0
2025-10-05T12:00:00Z,B007,S03,20.4,54.7,697.0
2025-10-04T00:00:00Z,B003,S03,20.9,46.8,634.0
2025-10-01T00:00:00Z,B010,S02,21.6,55.6,856.0
2025-10-02T03:00:00Z,B003,S02,24.9,44.4,745.0
2025-10-05T18:00:00Z,B004,S03,15.4,67.0,507.0
2025-10-04T03:00:00Z,B004,S01,24.9,52.7,661.0
2025-10-02T15:00:00Z,B007,S02,17.3,65.6,732.0
2025-10-03T06:00:00Z,B009,S03,27.0,53.2,963.0
2025-10-05T03:00:00Z,B009,S02,25.3,53.0,843.0
2025-10-02T09:00:00Z,B008,S02,23.4,52.1,675.0
2025-10-02T18:00:00Z,B001,S03,15.1,64.2,554.0
2025-10-02T21:00:00Z,B001,S03,17.4,60.9,520.0
2025-10-05T03:00:00Z,B008,S03,24.5,46.8,663.0
2025-10-02T15:00:00Z,B010,S02,17.7,64.4,709.0
2025-10-04T06:00:00Z,B006,S02,25.5,51.7,808.0
2025-10-02T09:00:00Z,B007,S01,23.9,59.2,745.0
2025-10-02T12:00:00Z,B008,S02,22.4,61.6,839.0
2025-10-01T12:00:00Z,B005,S01,20.8,64.6,653.0
2025-10-05T03:00:00Z,B010,S02,24.4,50.7,820.0
2025-10-03T06:00:00Z,B001,S02,26.9,50.6,751.0
2025-10-01T21:00:00Z,B002,S03,17.3,54.2,689.0
2025-10-02T00:00:00Z,B004,S02,22.6,53.6,827.0
2025-10-03T09:00:00Z,B004,S01,25.3,55.8,777.0
2025-10-02T12:00:00Z,B004,S02,20.6,59.0,648.0
2025-10-04T00:00:00Z,B001,S01,20.0,56.7,576.0
2025-10-02T03:00:00Z,B009,S02,25.7,55.3,860.0
2025-10-01T12:00:00Z,B003,S01,19.9,63.0,723.0
2025-10-04T03:00:00Z,B001,S01,23.6,53.1,684.0
2025-10-03T18:00:00Z,B002,S03,15.7,61.9,509.0
2025-10-01T09:00:00Z,B008,S02,24.1,53.3,777.0
2025-10-01T15:00:00Z,B009,S02,17.6,64.4,702.0
2025-10-04T06:00:00Z,B009,S03,27.2,47.5,779.0
2025-10-02T06:00:00Z,B002,S01,25.5,45.8,731.0
2025-10-05T03:00:00Z,B002,S01,24.4,43.9,730.0
2025-10-03T21:00:00Z,B009,S02,17.4,60.8,716.0
2025-10-02T03:00:00Z,B008,S03,25.5,45.5,854.0
2025-10-02T15:00:00Z,B005,S01,17.1,61.9,541.0
2025-10-02T03:00:00Z,B009,S03,25.4,46.2,768.0
2025-10-05T09:00:00Z,B001,S02,25.3,52.6,692.0
2025-10-03T15:00:00Z,B008,S02,17.3,61.8,682.0
2025-10-02T09:00:00Z,B009,S03,24.5,58.2,782.0
2025-10-05T12:00:00Z,B003,S02,20.6,66.9,634.0
2025-10-01T06:00:00Z,B009,S01,27.1,46.5,843.0
2025-10-03T15:00:00Z,B008,S03,17.3,66.7,686.0
2025-10-05T03:00:00Z,B006,S01,24.9,46.1,586.0
2025-10-05T21:00:00Z,B002,S02,18.2,57.1,506.0
2025-10-02T18:00:00Z,B009,S02,17.3,63.4,761.0
2025-10-02T18:00:00Z,B002,S01,15.9,64.0,571.0
2025-10-04T06:00:00Z,B006,S01,26.8,50.2,796.0
2025-10-03T09:00:00Z,B003,S01,22.4,51.2,622.0
2025-10-04T18:00:00Z,B005,S03,15.5,62.3,491.0
2025-10-01T09:00:00Z,B001,S01,24.6,56.6,692.0
2025-10-05T21:00:00Z,B008,S03,17.3,60.5,672.0
2025-10-03T21:00:00Z,B005,S01,17.8,61.4,617.0
2025-10-05T12:00:00Z,B002,S02,21.0,59.2,631.0
2025-10-03T00:00:00Z,B006,S02,21.0,47.5,693.0
2025-10-02T00:00:00Z,B005,S03,20.8,54.4,632.0
2025-10-04T06:00:00Z,B001,S01,25.8,49.8,679.0
2025-10-03T21:00:00Z,B010,S01,19.4,63.7,741.0
2025-10-02T21:00:00Z,B004,S03,18.7,61.5,590.0
2025-10-04T18:00:00Z,B010,S01,17.5,63.2,664.0
2025-10-03T06:00:00Z,B006,S01,26.5,52.4,761.0
2025-10-03T15:00:00Z,B001,S02,16.0,66.4,579.0
2025-10-02T03:00:00Z,B010,S02,25.3,50.2,801.0
2025-10-05T03:00:00Z,B009,S01,23.3,41.5,898.0
2025-10-03T03:00:00Z,B006,S02,23.7,51.1,703.0
2025-10-01T12:00:00Z,B007,S01,,65.6,740.0
2025-10-04T00:00:00Z,B007,S01,19.8,50.3,706.0
2025-10-01T15:00:00Z,B006,S03,16.7,68.4,633.0
2025-10-03T03:00:00Z,B004,S01,24.7,50.5,750.0
2025-10-02T15:00:00Z,B009,S02,18.1,65.4,618.0
2025-10-04T21:00:00Z,B004,S02,16.3,65.3,642.0
2025-10-02T00:00:00Z,B008,S01,22.2,47.8,778.0
2025-10-02T00:00:00Z,B001,S01,20.3,56.5,666.0
2025-10-02T00:00:00Z,B005,S01,20.7,55.3,548.0
2025-10-04T03:00:00Z,B005,S03,26.0,47.6,852.0
2025-10-04T00:00:00Z,B009,S02,21.4,53.1,721.0
2025-10-04T03:00:00Z,B010,S02,25.6,51.6,932.0
2025-10-03T12:00:00Z,B007,S01,22.9,62.2,590.0
2025-10-04T12:00:00Z,B007,S02,22.3,67.1,792.0
2025-10-01T15:00:00Z,B004,S03,18.0,67.0,670.0
2025-10-05T06:00:00Z,B001,S02,25.3,47.1,687.0
2025-10-03T15:00:00Z,B005,S02,17.3,65.8,553.0
2025-10-03T03:00:00Z,B001,S02,24.5,50.9,798.0
2025-10-05T03:00:00Z,B010,S01,24.9,50.8,744.0
2025-10-02T18:00:00Z,B007,S01,16.5,62.0,679.0
2025-10-03T03:00:00Z,B003,S02,24.5,47.3,728.0
2025-10-01T09:00:00Z,B008,S01,23.5,61.6,763.0
2025-10-03T03:00:00Z,B002,S03,24.2,50.9,666.0
2025-10-03T21:00:00Z,B006,S03,17.8,63.0,665.0
2025-10-01T12:00:00Z,B006,S02,21.0,59.3,610.0
2025-10-03T12:00:00Z,B004,S02,20.7,65.3,677.0
2025-10-05T18:00:00Z,B003,S03,15.7,67.8,544.0
2025-10-04T00:00:00Z,B010,S03,21.8,53.2,763.0
2025-10-05T03:00:00Z,B010,S03,26.1,44.4,848.0
2025-10-01T06:00:00Z,B005,S02,25.3,55.4,618.0
2025-10-05T15:00:00Z,B006,S02,16.6,65.4,674.0
2025-10-03T09:00:00Z,B007,S03,22.9,49.0,814.0
2025-10-03T12:00:00Z,B009,S03,21.4,58.4,814.0
2025-10-04T06:00:00Z,B003,S01,27.1,51.1,777.0
2025-10-01T18:00:00Z,B001,S01,15.4,68.1,522.0
2025-10-05T15:00:00Z,B005,S01,16.2,70.3,642.0
2025-10-05T03:00:00Z,B007,S02,24.8,51.0,789.0
2025-10-05T00:00:00Z,B007,S01,20.4,49.7,726.0
2025-10-03T06:00:00Z,B002,S01,26.8,50.7,782.0
2025-10-01T09:00:00Z,B002,S02,24.5,55.1,679.0
2025-10-04T06:00:00Z,B006,S03,26.8,55.9,747.0
2025-10-01T18:00:00Z,B005,S02,15.0,66.8,571.0
2025-10-02T15:00:00Z,B009,S03,17.5,65.8,597.0
2025-10-01T09:00:00Z,B001,S02,24.9,52.9,764.0
2025-10-03T06:00:00Z,B007,S01,26.7,48.7,866.0
2025-10-01T15:00:00Z,B007,S01,18.7,64.6,619.0
2025-10-05T21:00:00Z,B003,S02,17.1,53.7,624.0
2025-10-02T03:00:00Z,B007,S02,23.5,53.8,794.0
2025-10-01T06:00:00Z,B010,S03,27.5,49.9,771.0
2025-10-05T18:00:00Z,B006,S03,14.4,65.8,619.0
2025-10-02T18:00:00Z,B003,S02,15.8,63.9,596.0
2025-10-02T21:00:00Z,B010,S02,17.7,60.5,615.0
2025-10-01T09:00:00Z,B009,S02,23.8,54.0,737.0
2025-10-05T15:00:00Z,B009,S02,17.9,59.6,653.0
2025-10-02T18:00:00Z,B004,S03,16.1,64.9,676.0
2025-10-03T09:00:00Z,B001,S01,23.8,59.1,646.0
2025-10-03T18:00:00Z,B009,S01,17.3,65.1,636.0
2025-10-01T06:00:00Z,B005,S03,25.5,48.7,733.0
2025-10-03T09:00:00Z,B008,S03,24.1,58.7,716.0
2025-10-05T00:00:00Z,B006,S03,19.5,57.4,620.0
2025-10-03T18:00:00Z,B010,S01,16.9,68.3,750.0
2025-10-04T18:00:00Z,B005,S01,16.0,65.3,498.0
2025-10-04T18:00:00Z,B004,S02,15.3,70.4,505.0
2025-10-03T03:00:00Z,B002,S01,22.4,55.0,633.0
2025-10-05T12:00:00Z,B007,S02,21.0,62.4,675.0
2025-10-04T03:00:00Z,B002,S02,23.6,49.8,828.0
2025-10-01T21:00:00Z,B008,S03,19.2,53.5,645.0
2025-10-05T15:00:00Z,B004,S01,17.0,70.8,546.0
2025-10-03T03:00:00Z,B010,S02,,53.6,741.0
2025-10-04T15:00:00Z,B004,S01,17.9,69.3,610.0
2025-10-01T21:00:00Z,B010,S02,17.9,66.1,729.0
2025-10-03T18:00:00Z,B006,S02,15.1,65.1,595.0
2025-10-01T21:00:00Z,B003,S03,16.5,58.9,625.0
2025-10-05T15:00:00Z,B003,S02,16.9,67.5,731.0
2025-10-01T12:00:00Z,B007,S03,20.5,64.7,692.0
2025-10-05T09:00:00Z,B010,S02,25.7,57.6,847.0
2025-10-05T03:00:00Z,B005,S01,22.7,43.3,690.0
2025-10-04T00:00:00Z,B006,S03,20.8,53.2,652.0
2025-10-02T00:00:00Z,B007,S02,22.0,54.8,667.0
2025-10-05T00:00:00Z,B004,S02,19.8,52.9,616.0
2025-10-02T00:00:00Z,B005,S02,21.5,53.4,684.0
2025-10-05T09:00:00Z,B007,S01,23.3,52.1,555.0
2025-10-04T12:00:00Z,B002,S01,20.7,57.0,719.0
2025-10-01T21:00:00Z,B004,S03,16.0,64.9,631.0
2025-10-01T06:00:00Z,B008,S03,25.9,54.0,838.0
2025-10-03T00:00:00Z,B007,S01,21.6,54.2,729.0
2025-10-04T03:00:00Z,B008,S03,25.0,49.9,710.0
2025-10-01T15:00:00Z,B004,S01,16.9,64.7,549.0
2025-10-03T03:00:00Z,B006,S01,25.4,54.0,796.0
2025-10-02T09:00:00Z,B006,S01,23.0,56.6,680.0
2025-10-04T15:00:00Z,B007,S02,17.9,68.3,643.0
2025-10-03T09:00:00Z,B010,S02,25.0,60.0,844.0
2025-10-05T09:00:00Z,B009,S03,24.4,59.5,817.0
2025-10-01T09:00:00Z,B005,S02,23.5,50.8,771.0
2025-10-05T00:00:00Z,B002,S03,20.2,51.7,589.0
2025-10-04T21:00:00Z,B005,S03,15.6,58.1,592.0
2025-10-03T00:00:00Z,B007,S03,20.6,57.7,692.0
2025-10-01T18:00:00Z,B004,S03,16.0,61.1,608.0
2025-10-05T18:00:00Z,B002,S01,15.9,62.7,567.0
2025-10-05T09:00:00Z,B003,S02,22.6,59.8,781.0
2025-10-03T00:00:00Z,B003,S01,21.2,50.3,646.0
2025-10-03T06:00:00Z,B009,S02,26.8,48.6,944.0
2025-10-03T00:00:00Z,B001,S03,20.7,55.2,2500.0
2025-10-02T03:00:00Z,B010,S03,25.0,49.9,853.0
2025-10-05T06:00:00Z,B009,S02,27.4,55.4,850.0
2025-10-04T00:00:00Z,B004,S01,19.9,54.2,654.0
2025-10-01T18:00:00Z,B009,S03,16.5,62.0,670.0
2025-10-03T03:00:00Z,B002,S02,23.7,54.3,786.0
2025-10-02T00:00:00Z,B003,S03,21.4,56.8,623.0
2025-10-05T06:00:00Z,B003,S02,24.1,54.4,683.0
2025-10-05T15:00:00Z,B003,S03,17.2,63.7,774.0
2025-10-04T09:00:00Z,B003,S03,24.4,55.9,763.0
2025-10-03T21:00:00Z,B004,S03,16.8,59.7,691.0
2025-10-03T06:00:00Z,B003,S02,24.1,52.7,782.0
2025-10-02T15:00:00Z,B007,S03,16.5,62.8,580.0
2025-10-05T09:00:00Z,B007,S03,24.0,55.9,725.0
2025-10-05T18:00:00Z,B007,S01,16.1,61.9,576.0
2025-10-01T00:00:00Z,B006,S03,21.8,55.6,746.0
2025-10-03T21:00:00Z,B007,S02,17.3,59.6,605.0
2025-10-05T09:00:00Z,B006,S01,24.7,49.3,573.0
2025-10-02T03:00:00Z,B003,S01,23.3,56.2,720.0
2025-10-02T09:00:00Z,B007,S02,25.7,50.3,772.0
2025-10-02T21:00:00Z,B001,S01,16.1,58.0,475.0
2025-10-05T21:00:00Z,B002,S01,16.4,61.7,731.0
2025-10-03T15:00:00Z,B006,S03,18.9,59.7,641.0
2025-10-04T09:00:00Z,B005,S03,24.7,56.8,661.0
2025-10-01T00:00:00Z,B004,S01,21.0,55.7,602.0
2025-10-02T00:00:00Z,B001,S02,19.8,53.6,580.0
2025-10-05T00:00:00Z,B006,S01,20.2,52.0,708.0
2025-10-02T06:00:00Z,B003,S03,25.4,46.7,679.0
2025-10-03T03:00:00Z,B010,S01,26.5,50.1,851.0
2025-10-04T09:00:00Z,B004,S03,23.7,51.9,786.0
2025-10-05T00:00:00Z,B001,S03,,60.3,610.0
2025-10-03T06:00:00Z,B003,S03,24.5,49.8,744.0
2025-10-04T09:00:00Z,B003,S02,23.8,51.3,545.0
2025-10-04T06:00:00Z,B008,S02,26.1,52.4,864.0
2025-10-03T18:00:00Z,B004,S02,16.1,67.8,627.0
2025-10-05T18:00:00Z,B009,S01,15.7,65.7,668.0
2025-10-03T12:00:00Z,B009,S01,21.1,67.6,710.0
2025-10-01T09:00:00Z,B005,S01,25.6,56.9,754.0
2025-10-01T00:00:00Z,B007,S02,22.2,55.6,818.0
2025-10-03T12:00:00Z,B007,S03,19.7,57.4,716.0
2025-10-03T15:00:00Z,B006,S01,18.2,61.9,703.0
2025-10-05T09:00:00Z,B004,S01,24.4,56.1,852.0
2025-10-01T00:00:00Z,B008,S02,21.8,58.5,736.0
2025-10-01T15:00:00Z,B008,S02,17.7,66.2,629.0
2025-10-01T21:00:00Z,B002,S01,16.3,63.2,553.0
2025-10-02T06:00:00Z,B006,S02,24.7,50.2,685.0
2025-10-04T12:00:00Z,B010,S01,21.4,58.3,762.0
2025-10-02T21:00:00Z,B006,S02,18.8,62.9,664.0
2025-10-03T06:00:00Z,B005,S03,24.5,48.1,686.0
2025-10-02T03:00:00Z,B004,S03,24.9,53.7,783.0
2025-10-05T15:00:00Z,B002,S03,16.0,67.1,618.0
2025-10-01T21:00:00Z,B002,S02,17.3,60.7,556.0
2025-10-05T00:00:00Z,B009,S01,21.5,53.1,720.0
2025-10-01T03:00:00Z,B009,S03,25.2,52.2,868.0
2025-10-01T00:00:00Z,B001,S03,19.6,55.8,680.0
2025-10-02T18:00:00Z,B004,S02,14.0,,567.0
2025-10-02T06:00:00Z,B008,S03,27.1,48.8,815.0
2025-10-03T12:00:00Z,B003,S02,19.8,63.2,662.0
2025-10-03T09:00:00Z,B006,S01,24.4,50.9,687.0
2025-10-01T12:00:00Z,B003,S03,20.6,61.8,621.0
2025-10-04T21:00:00Z,B004,S03,17.7,65.4,567.0
2025-10-02T21:00:00Z,B002,S03,15.9,61.4,527.0
2025-10-05T18:00:00Z,B005,S03,16.4,61.4,574.0
2025-10-04T18:00:00Z,B001,S01,17.0,60.6,605.0
2025-10-01T06:00:00Z,B003,S01,23.8,53.6,737.0
2025-10-03T18:00:00Z,B006,S03,16.3,62.5,776.0
2025-10-05T00:00:00Z,B008,S02,21.0,53.9,613.0
2025-10-01T00:00:00Z,B009,S01,21.8,51.6,652.0
2025-10-02T03:00:00Z,B002,S03,24.4,49.0,702.0
2025-10-04T09:00:00Z,B005,S02,25.2,61.3,762.0
2025-10-04T09:00:00Z,B007,S01,24.4,57.8,746.0
2025-10-05T18:00:00Z,B008,S02,15.0,68.7,646.0
2025-10-05T09:00:00Z,B004,S02,23.7,55.8,836.0
2025-10-04T09:00:00Z,B001,S01,24.2,54.1,686.0
2025-10-03T21:00:00Z,B009,S03,18.2,62.2,561.0
2025-10-05T00:00:00Z,B010,S02,21.0,53.0,792.0
2025-10-01T06:00:00Z,B002,S01,26.3,53.9,775.0
2025-10-02T03:00:00Z,B010,S01,25.4,46.7,785.0
2025-10-03T18:00:00Z,B004,S03,16.1,63.9,618.0
2025-10-04T21:00:00Z,B009,S02,18.4,61.0,745.0
2025-10-01T03:00:00Z,B010,S02,23.4,53.2,772.0
2025-10-01T09:00:00Z,B006,S02,25.5,54.9,790.0
2025-10-03T00:00:00Z,B008,S03,21.8,49.0,725.0
2025-10-03T03:00:00Z,B007,S01,25.2,50.0,788.0
2025-10-04T06:00:00Z,B007,S01,26.1,51.5,827.0
2025-10-04T00:00:00Z,B005,S01,21.7,53.4,777.0
2025-10-01T06:00:00Z,B002,S03,26.5,58.2,840.0
2025-10-01T09:00:00Z,B004,S02,24.2,53.9,784.0
2025-10-01T12:00:00Z,B005,S03,20.4,65.8,616.0
2025-10-03T21:00:00Z,B010,S03,17.2,61.7,658.0
2025-10-01T06:00:00Z,B004,S01,26.1,48.4,751.0
2025-10-04T21:00:00Z,B003,S01,16.9,55.9,685.0
2025-10-04T06:00:00Z,B004,S03,26.0,55.3,822.0
2025-10-03T15:00:00Z,B010,S01,17.3,72.9,701.0
2025-10-04T00:00:00Z,B009,S03,21.2,56.6,741.0
2025-10-02T18:00:00Z,B010,S01,16.4,63.0,642.0
2025-10-05T00:00:00Z,B003,S01,19.8,56.0,577.0
2025-10-05T15:00:00Z,B003,S01,17.8,69.4,694.0
2025-10-03T18:00:00Z,B009,S03,16.3,62.5,538.0
2025-10-02T12:00:00Z,B001,S01,20.4,56.7,613.0
2025-10-01T06:00:00Z,B006,S01,25.8,54.1,750.0
2025-10-05T03:00:00Z,B006,S02,24.1,53.7,726.0
2025-10-02T06:00:00Z,B002,S03,24.6,57.4,751.0
2025-10-05T03:00:00Z,B009,S03,25.0,46.2,845.0
2025-10-01T03:00:00Z,B009,S01,25.8,51.1,798.0
2025-10-04T09:00:00Z,B002,S01,24.4,61.8,836.0
2025-10-01T06:00:00Z,B004,S03,25.8,44.9,755.0
2025-10-03T09:00:00Z,B003,S02,24.7,50.4,788.0
2025-10-05T09:00:00Z,B001,S03,24.2,54.7,729.0
2025-10-02T21:00:00Z,B004,S01,18.2,64.8,528.0
2025-10-01T00:00:00Z,B006,S02,20.2,54.7,652.0
2025-10-02T09:00:00Z,B010,S03,24.4,55.1,839.0
2025-10-05T06:00:00Z,B006,S02,26.2,51.3,795.0
2025-10-05T00:00:00Z,B004,S03,19.7,52.3,607.0
2025-10-03T06:00:00Z,B006,S02,25.5,56.5,811.0
2025-10-01T06:00:00Z,B010,S01,26.9,49.0,838.0
2025-10-04T12:00:00Z,B004,S01,21.8,65.4,725.0
2025-10-03T18:00:00Z,B001,S01,16.3,65.6,544.0
2025-10-04T15:00:00Z,B008,S02,17.3,65.3,689.0
2025-10-05T00:00:00Z,B008,S01,21.0,55.8,703.0
2025-10-03T21:00:00Z,B004,S02,17.9,58.7,667.0
2025-10-04T09:00:00Z,B008,S03,24.9,62.5,875.0
2025-10-04T12:00:00Z,B008,S01,20.0,62.9,639.0
2025-10-02T00:00:00Z,B006,S02,21.8,52.7,779.0
2025-10-05T15:00:00Z,B010,S03,18.1,67.1,643.0
2025-10-03T18:00:00Z,B002,S01,14.2,62.9,440.0
2025-10-02T06:00:00Z,B001,S02,25.0,48.7,781.0
2025-10-04T21:00:00Z,B006,S02,17.7,62.2,606.0
2025-10-02T12:00:00Z,B007,S01,21.0,66.4,738.0
2025-10-01T03:00:00Z,B001,S03,23.8,44.2,697.0
2025-10-01T06:00:00Z,B005,S01,24.8,51.4,737.0
2025-10-01T03:00:00Z,B003,S03,24.3,47.8,791.0
2025-10-05T15:00:00Z,B008,S03,17.6,66.5,621.0
2025-10-02T21:00:00Z,B007,S03,18.8,60.6,2500.0
2025-10-03T15:00:00Z,B010,S02,18.4,65.3,594.0
2025-10-04T06:00:00Z,B001,S02,24.8,51.6,874.0
2025-10-05T12:00:00Z,B008,S02,22.6,62.2,778.0
2025-10-03T06:00:00Z,B008,S02,26.2,52.4,952.0
2025-10-03T21:00:00Z,B007,S01,16.9,57.5,612.0
2025-10-03T03:00:00Z,B004,S02,22.5,50.2,666.0
2025-10-05T06:00:00Z,B006,S03,26.1,52.7,804.0
2025-10-04T00:00:00Z,B001,S02,19.7,55.7,636.0
2025-10-03T18:00:00Z,B008,S02,16.1,67.9,572.0
2025-10-02T15:00:00Z,B008,S02,17.2,64.4,613.0
2025-10-03T12:00:00Z,B006,S03,19.9,62.7,673.0
2025-10-02T09:00:00Z,B005,S01,24.9,55.7,770.0
2025-10-04T03:00:00Z,B006,S03,24.5,48.5,719.0
2025-10-05T09:00:00Z,B007,S02,25.1,48.1,705.0
2025-10-04T03:00:00Z,B001,S02,23.5,55.7,713.0
2025-10-03T03:00:00Z,B009,S01,25.1,55.3,781.0
2025-10-02T12:00:00Z,B005,S03,19.8,61.1,591.0
2025-10-01T21:00:00Z,B009,S01,18.1,61.2,621.0
2025-10-03T00:00:00Z,B003,S02,20.9,51.8,599.0
2025-10-03T09:00:00Z,B004,S02,25.4,,699.0
2025-10-05T18:00:00Z,B004,S02,16.3,66.3,504.0
2025-10-03T15:00:00Z,B003,S01,18.0,65.4,699.0
2025-10-03T06:00:00Z,B006,S03,25.6,44.7,800.0
2025-10-01T03:00:00Z,B003,S02,24.2,53.6,675.0
2025-10-05T06:00:00Z,B007,S02,26.6,46.8,750.0
2025-10-05T15:00:00Z,B010,S02,17.9,66.0,657.0
2025-10-04T12:00:00Z,B002,S02,20.0,64.3,659.0
2025-10-02T00:00:00Z,B008,S02,21.6,58.7,831.0
2025-10-02T09:00:00Z,B003,S01,24.2,60.5,689.0
2025-10-03T09:00:00Z,B006,S03,23.7,61.1,823.0
2025-10-05T06:00:00Z,B005,S01,25.8,45.1,685.0
2025-10-05T09:00:00Z,B005,S03,24.6,57.9,735.0
2025-10-01T21:00:00Z,B005,S01,18.6,55.4,629.0
2025-10-05T03:00:00Z,B003,S01,25.8,51.7,730.0
2025-10-05T00:00:00Z,B008,S03,20.7,57.6,645.0
2025-10-05T12:00:00Z,B009,S03,23.7,57.3,836.0
2025-10-02T00:00:00Z,B004,S03,20.7,58.5,676.0
2025-10-02T09:00:00Z,B004,S02,23.9,61.1,704.0
2025-10-05T06:00:00Z,B009,S03,26.0,50.6,784.0
2025-10-01T06:00:00Z,B007,S01,27.3,51.3,727.0
2025-10-01T18:00:00Z,B008,S03,14.9,71.1,570.0
2025-10-01T21:00:00Z,B010,S03,18.4,55.6,611.0
2025-10-04T15:00:00Z,B002,S01,15.8,67.1,507.0
2025-10-03T06:00:00Z,B002,S03,25.0,55.2,683.0
2025-10-05T21:00:00Z,B002,S03,17.4,59.7,539.0
2025-10-02T09:00:00Z,B010,S01,25.2,56.7,795.0
2025-10-05T00:00:00Z,B002,S02,20.6,55.2,763.0
2025-10-04T21:00:00Z,B002,S02,16.7,62.2,600.0
2025-10-02T09:00:00Z,B006,S03,23.6,58.0,886.0
2025-10-03T12:00:00Z,B006,S02,20.1,62.4,678.0
2025-10-02T00:00:00Z,B008,S03,22.0,55.1,780.0
2025-10-05T09:00:00Z,B010,S01,24.3,58.8,619.0
2025-10-01T06:00:00Z,B008,S02,25.6,54.5,689.0
2025-10-02T15:00:00Z,B008,S03,17.7,63.8,669.0
2025-10-05T03:00:00Z,B006,S03,24.4,51.0,695.0
2025-10-03T18:00:00Z,B005,S03,16.0,66.8,455.0
2025-10-02T21:00:00Z,B009,S02,17.5,56.3,588.0
2025-10-01T09:00:00Z,B003,S03,24.1,58.0,735.0
2025-10-01T12:00:00Z,B008,S03,20.9,58.8,673.0
2025-10-03T00:00:00Z,B008,S01,20.7,51.3,700.0
2025-10-03T21:00:00Z,B006,S02,15.8,59.4,596.0
2025-10-05T15:00:00Z,B004,S02,17.7,71.3,641.0
2025-10-02T18:00:00Z,B008,S02,16.4,69.9,625.0
2025-10-05T21:00:00Z,B007,S03,17.6,59.3,542.0
2025-10-03T15:00:00Z,B003,S03,15.9,66.8,669.0
2025-10-01T06:00:00Z,B001,S01,25.9,48.7,717.0
2025-10-04T15:00:00Z,B002,S03,15.0,56.7,597.0
2025-10-02T09:00:00Z,B006,S02,24.3,54.7,860.0
2025-10-05T12:00:00Z,B010,S02,21.0,59.6,597.0
2025-10-05T12:00:00Z,B001,S02,20.4,64.1,515.0
2025-10-04T06:00:00Z,B010,S01,24.5,52.7,800.0
2025-10-02T09:00:00Z,B004,S01,24.3,54.8,619.0
2025-10-03T12:00:00Z,B002,S02,21.6,55.9,528.0
2025-10-05T12:00:00Z,B006,S03,21.0,62.1,719.0
2025-10-03T03:00:00Z,B005,S03,26.4,49.7,799.0
2025-10-04T06:00:00Z,B010,S02,26.7,52.3,910.0
2025-10-04T18:00:00Z,B009,S01,16.1,60.9,665.0
2025-10-04T03:00:00Z,B009,S02,25.1,50.3,794.0
2025-10-02T06:00:00Z,B009,S02,28.4,54.5,926.0
2025-10-02T12:00:00Z,B006,S02,20.4,62.2,722.0
2025-10-04T15:00:00Z,B005,S03,17.3,68.8,684.0
2025-10-03T03:00:00Z,B007,S02,24.2,53.2,717.0
2025-10-03T06:00:00Z,B007,S03,26.7,44.5,776.0
2025-10-01T15:00:00Z,B009,S01,18.2,68.8,568.0
2025-10-02T03:00:00Z,B008,S02,26.8,43.6,739.0
2025-10-05T15:00:00Z,B001,S01,16.1,66.2,563.0
2025-10-05T03:00:00Z,B003,S03,25.2,52.0,654.0
2025-10-03T06:00:00Z,B010,S01,26.0,49.4,747.0
2025-10-05T12:00:00Z,B002,S03,20.3,70.2,560.0
2025-10-02T21:00:00Z,B008,S03,19.9,58.4,790.0
2025-10-03T09:00:00Z,B005,S01,24.7,51.6,840.0
2025-10-05T03:00:00Z,B005,S02,23.9,50.3,765.0
2025-10-02T21:00:00Z,B001,S02,16.0,60.9,624.0
2025-10-03T18:00:00Z,B003,S02,15.6,64.5,602.0
2025-10-01T18:00:00Z,B003,S02,18.2,69.4,609.0
2025-10-02T18:00:00Z,B009,S01,16.0,62.4,631.0
2025-10-03T09:00:00Z,B002,S03,25.2,54.6,729.0
2025-10-01T03:00:00Z,B006,S02,-10.0,48.1,734.0
2025-10-04T09:00:00Z,B004,S01,23.7,54.4,744.0
2025-10-03T18:00:00Z,B007,S01,14.7,65.3,594.0
2025-10-04T18:00:00Z,B004,S01,17.0,65.7,693.0
2025-10-05T00:00:00Z,B003,S03,22.1,52.4,679.0
2025-10-05T03:00:00Z,B002,S02,23.9,57.4,616.0
2025-10-05T09:00:00Z,B002,S03,23.8,57.0,643.0
2025-10-05T12:00:00Z,B009,S01,22.8,63.7,674.0
2025-10-01T00:00:00Z,B005,S01,20.4,55.7,595.0
2025-10-01T21:00:00Z,B005,S03,17.6,58.4,679.0
2025-10-05T12:00:00Z,B001,S03,19.7,62.1,649.0
2025-10-05T06:00:00Z,B008,S03,27.3,52.7,834.0
2025-10-01T18:00:00Z,B009,S01,16.9,67.8,725.0
2025-10-04T15:00:00Z,B010,S01,17.5,64.1,604.0
2025-10-02T06:00:00Z,B007,S02,26.6,47.8,736.0
2025-10-03T18:00:00Z,B007,S02,14.0,57.8,484.0
2025-10-01T00:00:00Z,B002,S01,20.4,53.5,635.0
2025-10-02T21:00:00Z,B008,S02,17.4,63.6,621.0
2025-10-05T21:00:00Z,B009,S01,18.7,67.1,653.0
2025-10-03T06:00:00Z,B007,S02,25.8,54.7,791.0
2025-10-03T18:00:00Z,B001,S02,14.0,63.6,539.0
2025-10-05T03:00:00Z,B008,S02,25.3,46.3,794.0
2025-10-02T15:00:00Z,B004,S03,17.5,60.1,694.0
2025-10-05T09:00:00Z,B005,S01,24.3,56.5,704.0
2025-10-02T06:00:00Z,B005,S03,25.5,50.7,744.0
2025-10-03T21:00:00Z,B002,S03,16.4,59.1,581.0
2025-10-02T15:00:00Z,B006,S01,17.5,68.0,498.0
2025-10-03T15:00:00Z,B002,S03,17.0,65.6,579.0
2025-10-05T15:00:00Z,B007,S01,17.7,65.4,752.0
2025-10-05T21:00:00Z,B007,S02,17.5,65.8,674.0
2025-10-04T03:00:00Z,B004,S03,26.2,50.7,720.0
2025-10-02T12:00:00Z,B001,S02,20.8,60.2,653.0
2025-10-02T00:00:00Z,B010,S03,21.7,48.8,773.0
2025-10-01T15:00:00Z,B005,S01,17.6,62.8,686.0
2025-10-03T21:00:00Z,B010,S02,17.6,56.8,582.0
2025-10-01T03:00:00Z,B008,S03,23.6,53.7,827.0
2025-10-05T09:00:00Z,B002,S01,24.1,53.6,694.0
2025-10-05T09:00:00Z,B010,S03,25.0,54.9,951.0
2025-10-01T00:00:00Z,B006,S01,21.0,52.1,734.0
2025-10-01T03:00:00Z,B008,S02,24.8,49.5,857.0
2025-10-02T00:00:00Z,B003,S01,19.7,49.7,624.0
2025-10-01T03:00:00Z,B004,S03,23.9,,714.0
2025-10-04T00:00:00Z,B009,S01,21.2,53.7,638.0
2025-10-04T03:00:00Z,B010,S03,26.5,48.1,951.0
2025-10-03T18:00:00Z,B005,S02,16.4,67.7,596.0
2025-10-05T15:00:00Z,B001,S03,15.9,63.2,582.0
2025-10-02T03:00:00Z,B007,S01,24.3,48.8,827.0
2025-10-04T12:00:00Z,B006,S01,20.4,60.5,651.0
2025-10-01T12:00:00Z,B010,S03,22.4,58.6,838.0
2025-10-04T18:00:00Z,B010,S02,15.8,59.4,540.0
2025-10-02T09:00:00Z,B003,S02,23.8,53.8,747.0
2025-10-01T12:00:00Z,B009,S03,21.7,59.6,761.0
2025-10-03T15:00:00Z,B004,S01,17.7,57.6,666.0
2025-10-03T03:00:00Z,B007,S03,24.3,48.2,633.0
2025-10-01T00:00:00Z,B002,S03,20.9,48.9,713.0
2025-10-05T12:00:00Z,B005,S03,20.5,67.8,661.0
2025-10-04T03:00:00Z,B009,S01,25.1,51.1,761.0
2025-10-03T12:00:00Z,B010,S02,21.9,61.9,748.0
2025-10-04T21:00:00Z,B010,S03,17.0,56.1,739.0
2025-10-03T00:00:00Z,B006,S03,20.7,57.2,707.0
2025-10-04T03:00:00Z,B005,S01,24.5,52.1,731.0
2025-10-04T12:00:00Z,B003,S03,20.4,61.8,750.0
2025-10-05T06:00:00Z,B010,S03,27.0,54.2,815.0
2025-10-03T12:00:00Z,B003,S03,21.0,63.0,665.0
2025-10-02T21:00:00Z,B006,S01,17.2,57.8,586.0
2025-10-05T06:00:00Z,B002,S01,26.0,54.2,786.0
2025-10-04T00:00:00Z,B010,S02,21.6,64.0,767.0
2025-10-01T21:00:00Z,B007,S02,19.5,65.4,652.0
2025-10-05T09:00:00Z,B009,S02,25.4,52.7,843.0
2025-10-01T21:00:00Z,B003,S02,17.8,58.7,637.0
2025-10-01T06:00:00Z,B003,S03,24.8,49.5,785.0
2025-10-04T03:00:00Z,B007,S03,25.7,47.6,845.0
2025-10-04T00:00:00Z,B007,S03,21.3,51.7,785.0
2025-10-01T03:00:00Z,B007,S03,25.5,52.3,735.0
2025-10-01T06:00:00Z,B001,S03,23.9,54.2,781.0
2025-10-05T18:00:00Z,B007,S02,18.0,69.3,610.0
2025-10-04T00:00:00Z,B004,S03,19.9,48.0,674.0
2025-10-04T06:00:00Z,B009,S02,27.1,51.9,874.0
2025-10-01T03:00:00Z,B007,S02,24.8,54.7,710.0
2025-10-02T12:00:00Z,B010,S03,21.4,66.4,760.0
2025-10-01T12:00:00Z,B008,S02,22.5,56.6,702.0
2025-10-02T15:00:00Z,B003,S03,17.6,59.9,759.0
2025-10-02T06:00:00Z,B001,S01,26.0,52.0,780.0
2025-10-04T18:00:00Z,B004,S03,15.6,62.7,568.0
2025-10-05T00:00:00Z,B001,S01,19.9,50.9,595.0
2025-10-04T15:00:00Z,B010,S02,17.7,68.5,723.0
2025-10-02T15:00:00Z,B004,S02,16.7,66.7,472.0
2025-10-03T12:00:00Z,B005,S03,20.0,60.5,721.0
2025-10-03T18:00:00Z,B004,S01,16.3,58.0,541.0
2025-10-04T12:00:00Z,B007,S03,21.2,64.2,764.0
2025-10-03T03:00:00Z,B008,S02,24.2,50.8,753.0
2025-10-03T03:00:00Z,B010,S03,26.1,49.2,832.0
2025-10-01T00:00:00Z,B008,S01,21.2,55.4,677.0
2025-10-03T18:00:00Z,B010,S02,18.2,68.7,596.0
2025-10-03T06:00:00Z,B004,S01,26.6,50.7,796.0
2025-10-02T03:00:00Z,B001,S03,22.9,50.0,662.0
2025-10-05T15:00:00Z,B007,S02,18.0,66.8,637.0
2025-10-01T03:00:00Z,B006,S01,25.0,50.4,847.0
2025-10-02T15:00:00Z,B002,S03,17.3,61.8,464.0
2025-10-02T12:00:00Z,B003,S03,20.8,60.1,677.0
2025-10-02T15:00:00Z,B002,S01,17.6,68.3,722.0
2025-10-04T06:00:00Z,B003,S03,24.5,43.3,673.0
2025-10-03T15:00:00Z,B008,S01,18.2,69.1,614.0
2025-10-01T21:00:00Z,B001,S01,16.5,61.0,570.0
2025-10-02T18:00:00Z,B010,S02,16.7,61.2,736.0
2025-10-01T00:00:00Z,B003,S03,21.9,54.0,633.0
2025-10-01T21:00:00Z,B009,S03,18.3,58.1,693.0
2025-10-04T09:00:00Z,B002,S02,24.4,52.2,672.0
2025-10-03T15:00:00Z,B009,S01,16.9,70.1,732.0
2025-10-05T00:00:00Z,B005,S02,20.8,54.7,690.0
2025-10-04T00:00:00Z,B003,S02,20.1,52.0,671.0
2025-10-04T21:00:00Z,B001,S01,16.5,56.3,583.0
2025-10-05T15:00:00Z,B007,S03,17.9,66.4,737.0
2025-10-01T12:00:00Z,B006,S03,20.0,65.4,678.0
2025-10-03T15:00:00Z,B010,S03,19.2,66.9,821.0
2025-10-01T00:00:00Z,B003,S01,20.5,58.5,607.0
2025-10-01T06:00:00Z,B009,S02,28.1,47.9,860.0
2025-10-02T18:00:00Z,B002,S02,15.2,59.5,569.0
2025-10-01T15:00:00Z,B003,S01,18.3,59.4,683.0
2025-10-03T00:00:00Z,B001,S02,20.6,59.7,679.0
2025-10-04T18:00:00Z,B006,S01,16.7,68.1,565.0
2025-10-03T21:00:00Z,B005,S03,15.5,55.7,533.0
2025-10-04T12:00:00Z,B009,S02,20.9,69.1,638.0
2025-10-04T03:00:00Z,B002,S01,23.4,49.1,673.0
2025-10-02T06:00:00Z,B001,S03,25.0,50.1,821.0
2025-10-05T15:00:00Z,B010,S01,16.5,63.3,609.0
2025-10-05T00:00:00Z,B004,S01,19.9,55.1,638.0
2025-10-01T06:00:00Z,B006,S03,27.6,46.9,2500.0
2025-10-04T18:00:00Z,B003,S02,15.8,62.4,474.0
2025-10-05T21:00:00Z,B003,S03,17.7,62.6,702.0
2025-10-02T15:00:00Z,B001,S03,16.0,56.7,507.0
2025-10-05T12:00:00Z,B008,S03,21.8,63.8,649.0
2025-10-04T09:00:00Z,B009,S02,24.0,57.3,779.0
2025-10-03T00:00:00Z,B004,S01,22.0,54.4,647.0
2025-10-01T09:00:00Z,B003,S01,23.0,58.0,724.0
2025-10-05T21:00:00Z,B009,S03,17.4,58.8,589.0
2025-10-01T21:00:00Z,B001,S03,18.3,60.4,605.0
2025-10-02T18:00:00Z,B002,S03,14.8,67.1,505.0
2025-10-01T12:00:00Z,B004,S03,21.0,60.5,646.0
2025-10-02T15:00:00Z,B002,S02,17.3,67.3,541.0
2025-10-04T03:00:00Z,B004,S02,24.7,49.9,596.0
2025-10-04T21:00:00Z,B010,S02,16.8,65.2,631.0
2025-10-05T18:00:00Z,B001,S03,16.3,68.5,521.0
2025-10-05T21:00:00Z,B001,S03,17.0,56.1,577.0
2025-10-05T09:00:00Z,B008,S02,25.2,56.0,714.0
2025-10-05T06:00:00Z,B008,S01,26.7,45.4,877.0
2025-10-01T00:00:00Z,B001,S01,20.6,56.8,670.0
2025-10-05T06:00:00Z,B004,S01,25.9,53.4,877.0
2025-10-01T03:00:00Z,B004,S02,23.9,46.8,600.0
2025-10-01T12:00:00Z,B004,S02,20.3,65.5,668.0
2025-10-01T06:00:00Z,B008,S01,26.2,55.6,794.0
2025-10-02T15:00:00Z,B008,S01,18.0,66.3,628.0
2025-10-01T06:00:00Z,B002,S02,25.5,55.7,747.0
2025-10-05T06:00:00Z,B001,S03,26.6,53.9,823.0
2025-10-04T18:00:00Z,B006,S02,16.1,66.4,685.0
2025-10-04T18:00:00Z,B002,S01,14.0,61.4,553.0
2025-10-05T21:00:00Z,B010,S02,17.7,67.0,668.0
2025-10-04T21:00:00Z,B007,S02,17.9,62.4,689.0
2025-10-04T12:00:00Z,B010,S03,22.1,59.2,702.0
2025-10-02T00:00:00Z,B004,S01,21.3,53.3,655.0
2025-10-03T21:00:00Z,B005,S02,16.8,64.4,719.0
2025-10-05T15:00:00Z,B004,S03,16.8,65.0,430.0
2025-10-02T09:00:00Z,B010,S02,24.0,48.7,822.0
2025-10-02T12:00:00Z,B005,S02,21.2,61.7,722.0
2025-10-04T03:00:00Z,B006,S01,25.1,50.9,695.0
2025-10-03T00:00:00Z,B009,S01,22.3,48.0,690.0
2025-10-05T00:00:00Z,B005,S01,20.9,57.3,646.0
2025-10-01T18:00:00Z,B007,S03,16.5,63.7,631.0
2025-10-05T00:00:00Z,B001,S02,19.0,52.8,1600.0
2025-10-03T06:00:00Z,B003,S01,24.3,51.2,742.0
2025-10-04T00:00:00Z,B006,S01,20.4,55.2,716.0
2025-10-05T06:00:00Z,B002,S03,25.2,53.9,729.0
2025-10-02T21:00:00Z,B002,S01,18.8,60.9,628.0
2025-10-03T00:00:00Z,B006,S01,21.6,53.6,608.0
2025-10-05T12:00:00Z,B005,S01,22.6,59.3,667.0
2025-10-03T15:00:00Z,B009,S03,20.4,60.4,717.0
2025-10-01T06:00:00Z,B007,S03,26.4,47.6,817.0
2025-10-02T03:00:00Z,B007,S03,24.3,53.2,766.0
2025-10-05T00:00:00Z,B005,S03,21.4,51.9,714.0
2025-10-04T21:00:00Z,B009,S03,17.3,57.4,745.0
2025-10-03T15:00:00Z,B005,S01,16.8,63.5,657.0
2025-10-03T06:00:00Z,B005,S02,24.2,52.1,788.0
2025-10-04T15:00:00Z,B010,S03,17.3,67.7,631.0
2025-10-02T00:00:00Z,B007,S01,20.6,56.3,688.0
2025-10-03T15:00:00Z,B005,S03,17.0,70.8,624.0
2025-10-03T21:00:00Z,B003,S03,17.7,62.4,682.0
2025-10-05T15:00:00Z,B009,S03,17.8,65.0,708.0
2025-10-03T21:00:00Z,B008,S01,18.5,61.4,673.0
2025-10-02T15:00:00Z,B003,S02,17.1,65.8,699.0
2025-10-01T12:00:00Z,B004,S01,20.9,61.2,612.0
2025-10-03T12:00:00Z,B008,S01,21.8,58.4,679.0
2025-10-03T09:00:00Z,B006,S02,24.0,57.5,776.0
2025-10-02T18:00:00Z,B001,S01,15.7,63.4,453.0
2025-10-01T18:00:00Z,B006,S03,16.6,64.7,751.0
2025-10-01T18:00:00Z,B001,S03,14.4,65.9,446.0
2025-10-02T06:00:00Z,B004,S01,25.3,47.8,682.0
2025-10-01T15:00:00Z,B002,S02,16.8,64.1,631.0
2025-10-02T09:00:00Z,B002,S01,25.1,47.6,752.0
2025-10-02T21:00:00Z,B003,S03,16.3,56.7,677.0
2025-10-03T09:00:00Z,B001,S02,26.2,56.7,706.0
2025-10-04T15:00:00Z,B006,S03,17.4,66.4,641.0
2025-10-05T12:00:00Z,B006,S02,21.8,62.9,681.0
2025-10-05T06:00:00Z,B003,S03,25.5,49.1,701.0
2025-10-02T00:00:00Z,B009,S01,21.2,49.4,840.0
2025-10-04T00:00:00Z,B004,S02,20.1,54.0,646.0
2025-10-02T12:00:00Z,B003,S02,21.4,60.4,746.0
2025-10-01T03:00:00Z,B001,S02,24.0,47.8,793.0
2025-10-02T03:00:00Z,B003,S03,24.2,51.6,758.0
2025-10-02T18:00:00Z,B006,S01,16.2,66.7,588.0
2025-10-04T15:00:00Z,B004,S02,17.7,67.8,598.0
2025-10-05T21:00:00Z,B001,S02,15.8,59.7,529.0
2025-10-02T15:00:00Z,B006,S03,19.8,68.5,696.0
2025-10-04T12:00:00Z,B001,S01,20.7,64.8,694.0
2025-10-04T09:00:00Z,B006,S03,24.6,52.1,819.0
2025-10-04T03:00:00Z,B008,S02,25.0,49.7,852.0
2025-10-03T09:00:00Z,B008,S02,25.3,52.7,870.0
2025-10-02T18:00:00Z,B003,S01,15.8,65.1,536.0
2025-10-01T00:00:00Z,B002,S02,20.7,50.8,652.0
2025-10-03T06:00:00Z,B004,S03,27.9,52.0,865.0
2025-10-03T21:00:00Z,B004,S01,17.7,58.4,652.0
2025-10-05T03:00:00Z,B003,S02,24.2,48.1,658.0
2025-10-01T12:00:00Z,B001,S03,22.0,57.9,786.0
2025-10-02T18:00:00Z,B005,S03,14.9,63.2,648.0
2025-10-01T06:00:00Z,B007,S02,27.1,55.0,791.0
2025-10-03T00:00:00Z,B002,S01,20.3,58.0,710.0
2025-10-04T21:00:00Z,B001,S03,17.0,61.8,638.0
2025-10-05T06:00:00Z,B002,S02,26.1,50.7,677.0
2025-10-02T12:00:00Z,B008,S01,21.6,67.0,680.0
2025-10-03T06:00:00Z,B002,S02,23.9,42.6,699.0
2025-10-05T09:00:00Z,B005,S02,24.8,59.5,658.0
2025-10-01T09:00:00Z,B007,S01,25.3,57.9,831.0
2025-10-05T09:00:00Z,B009,S01,26.6,52.2,769.0
2025-10-03T00:00:00Z,B005,S01,22.8,55.3,759.0
2025-10-04T06:00:00Z,B008,S01,26.1,51.3,879.0
2025-10-01T15:00:00Z,B007,S03,16.4,74.8,616.0
2025-10-02T03:00:00Z,B002,S01,24.7,45.8,747.0
2025-10-05T09:00:00Z,B006,S03,23.6,54.8,781.0
2025-10-03T03:00:00Z,B003,S03,23.8,49.4,750.0
2025-10-04T18:00:00Z,B010,S03,17.1,62.4,657.0
2025-10-02T00:00:00Z,B006,S01,21.1,52.8,598.0
2025-10-01T12:00:00Z,B002,S01,20.4,63.7,626.0
2025-10-05T09:00:00Z,B002,S02,24.3,54.7,696.0
2025-10-04T06:00:00Z,B002,S03,25.1,45.3,686.0
2025-10-02T03:00:00Z,B006,S03,23.7,52.0,811.0
2025-10-04T12:00:00Z,B003,S01,20.3,58.0,727.0
2025-10-05T00:00:00Z,B002,S01,20.1,53.7,625.0
2025-10-04T00:00:00Z,B005,S03,21.1,56.5,733.0
2025-10-03T21:00:00Z,B001,S03,16.3,59.1,599.0
2025-10-05T03:00:00Z,B005,S03,24.4,48.3,733.0
2025-10-03T12:00:00Z,B010,S01,21.8,63.8,715.0
2025-10-04T06:00:00Z,B007,S02,27.8,50.4,727.0
2025-10-01T09:00:00Z,B010,S02,24.5,59.4,766.0
2025-10-03T00:00:00Z,B007,S02,23.3,63.9,773.0
2025-10-04T09:00:00Z,B008,S02,24.7,45.7,748.0
2025-10-02T03:00:00Z,B008,S01,24.5,52.0,689.0
2025-10-04T09:00:00Z,B002,S03,25.1,57.4,773.0
2025-10-01T06:00:00Z,B010,S02,26.8,48.5,835.0
2025-10-03T15:00:00Z,B003,S02,15.9,66.0,632.0
2025-10-02T18:00:00Z,B008,S01,16.2,64.8,509.0
2025-10-05T09:00:00Z,B003,S01,25.1,55.3,686.0
2025-10-01T18:00:00Z,B002,S01,14.9,64.6,612.0
2025-10-01T15:00:00Z,B004,S02,16.7,65.9,616.0
2025-10-02T21:00:00Z,B007,S02,18.4,60.5,509.0
2025-10-03T15:00:00Z,B007,S03,17.5,61.1,657.0
2025-10-04T21:00:00Z,B006,S03,16.4,62.0,659.0
2025-10-01T15:00:00Z,B007,S02,18.0,67.5,736.0
2025-10-01T09:00:00Z,B006,S03,24.0,56.3,756.0
2025-10-04T15:00:00Z,B007,S01,18.1,66.6,619.0
2025-10-01T15:00:00Z,B010,S02,17.1,61.3,636.0
2025-10-05T12:00:00Z,B001,S01,20.2,60.3,650.0
2025-10-03T09:00:00Z,B002,S01,23.6,60.5,704.0
2025-10-03T21:00:00Z,B003,S02,17.2,65.8,673.0
2025-10-04T09:00:00Z,B003,S01,24.6,55.0,723.0
2025-10-05T06:00:00Z,B007,S03,26.0,47.8,804.0
2025-10-02T15:00:00Z,B005,S02,17.4,66.0,598.0
2025-10-04T03:00:00Z,B005,S02,23.2,54.3,683.0
2025-10-02T12:00:00Z,B002,S03,19.3,67.7,693.0
2025-10-03T00:00:00Z,B008,S02,21.6,55.9,664.0
2025-10-04T12:00:00Z,B004,S03,21.5,63.0,730.0
2025-10-05T18:00:00Z,B002,S02,16.2,60.7,590.0
2025-10-04T09:00:00Z,B008,S01,26.5,60.7,893.0
2025-10-05T00:00:00Z,B006,S02,19.7,55.0,709.0
2025-10-01T21:00:00Z,B005,S02,17.5,60.9,694.0
2025-10-05T09:00:00Z,B006,S02,23.8,57.1,788.0
2025-10-02T21:00:00Z,B009,S03,17.1,54.1,680.0
2025-10-02T18:00:00Z,B007,S03,17.1,63.6,701.0
2025-10-01T03:00:00Z,B003,S01,25.1,52.5,674.0
2025-10-03T18:00:00Z,B003,S03,15.8,66.5,553.0
2025-10-04T15:00:00Z,B005,S02,17.0,69.4,573.0
2025-10-04T06:00:00Z,B004,S01,24.7,52.6,721.0
2025-10-04T00:00:00Z,B010,S01,21.3,65.0,639.0
2025-10-01T18:00:00Z,B002,S03,16.1,67.2,625.0
2025-10-02T21:00:00Z,B003,S02,17.1,63.9,635.0
2025-10-02T21:00:00Z,B006,S03,18.0,63.0,623.0
2025-10-01T00:00:00Z,B009,S03,21.8,54.0,702.0
2025-10-05T03:00:00Z,B001,S02,23.5,55.4,771.0
2025-10-01T15:00:00Z,B006,S01,16.0,58.5,616.0
2025-10-04T00:00:00Z,B001,S03,20.7,53.9,750.0
2025-10-04T21:00:00Z,B008,S03,17.8,63.7,615.0
2025-10-02T00:00:00Z,B009,S03,20.9,51.0,782.0
2025-10-02T06:00:00Z,B010,S03,25.7,56.4,858.0
2025-10-03T00:00:00Z,B001,S01,20.6,53.2,564.0
2025-10-05T21:00:00Z,B004,S02,18.5,59.5,704.0
2025-10-02T09:00:00Z,B001,S03,24.1,56.3,753.0
2025-10-02T00:00:00Z,B001,S03,22.6,53.1,617.0
2025-10-05T21:00:00Z,B009,S02,17.9,63.9,588.0
2025-10-04T12:00:00Z,B008,S02,21.4,62.9,706.0
2025-10-02T06:00:00Z,B004,S03,24.3,45.7,716.0
2025-10-05T15:00:00Z,B006,S03,17.6,66.1,588.0
2025-10-03T18:00:00Z,B001,S03,15.5,68.0,564.0
2025-10-05T18:00:00Z,B002,S03,15.9,66.4,554.0
2025-10-01T06:00:00Z,B009,S03,27.1,52.9,813.0
2025-10-03T18:00:00Z,B008,S03,16.8,67.4,591.0
2025-10-01T18:00:00Z,B003,S01,15.9,65.3,565.0
2025-10-03T06:00:00Z,B008,S03,26.7,53.6,797.0
2025-10-03T21:00:00Z,B009,S01,17.6,59.2,668.0
2025-10-05T15:00:00Z,B002,S01,17.1,61.9,520.0
2025-10-05T21:00:00Z,B004,S03,17.0,55.3,678.0
2025-10-05T18:00:00Z,B007,S03,17.0,67.7,668.0
2025-10-01T15:00:00Z,B006,S02,16.6,67.4,682.0
2025-10-01T15:00:00Z,B001,S01,15.7,66.4,585.0
2025-10-05T18:00:00Z,B009,S03,15.4,68.6,675.0
2025-10-04T21:00:00Z,B008,S01,17.8,67.8,588.0
2025-10-03T06:00:00Z,B001,S01,26.0,47.9,764.0
2025-10-02T12:00:00Z,B009,S01,21.4,66.0,720.0
2025-10-01T03:00:00Z,B002,S01,24.3,51.0,737.0
2025-10-04T06:00:00Z,B008,S03,26.4,57.4,842.0
2025-10-03T15:00:00Z,B006,S02,17.6,63.7,586.0
2025-10-02T09:00:00Z,B009,S01,25.4,58.8,790.0
2025-10-05T06:00:00Z,B003,S01,27.1,44.7,730.0
2025-10-05T03:00:00Z,B004,S02,24.4,51.6,763.0
2025-10-02T09:00:00Z,B007,S03,26.0,54.3,754.0
2025-10-02T06:00:00Z,B010,S02,26.5,43.3,730.0
2025-10-04T21:00:00Z,B003,S02,16.3,61.6,612.0
2025-10-05T06:00:00Z,B010,S01,25.1,54.8,776.0
2025-10-01T18:00:00Z,B010,S02,16.7,67.5,623.0
2025-10-03T12:00:00Z,B007,S02,20.8,67.0,683.0
2025-10-04T06:00:00Z,B005,S02,24.0,42.8,754.0
2025-10-03T15:00:00Z,B002,S02,17.7,62.8,532.0
2025-10-04T00:00:00Z,B002,S02,18.1,53.3,653.0
2025-10-01T18:00:00Z,B004,S02,15.2,63.6,494.0
2025-10-05T21:00:00Z,B006,S03,16.8,63.0,578.0
2025-10-03T06:00:00Z,B009,S01,25.8,49.6,1600.0
2025-10-01T18:00:00Z,B006,S01,16.5,65.1,544.0
2025-10-02T12:00:00Z,B006,S03,22.0,62.3,693.0
2025-10-01T00:00:00Z,B005,S02,20.6,54.0,591.0
2025-10-04T03:00:00Z,B008,S01,24.5,53.8,760.0
2025-10-03T12:00:00Z,B004,S01,21.7,67.9,607.0
2025-10-02T06:00:00Z,B004,S02,26.5,54.4,787.0
2025-10-05T06:00:00Z,B006,S01,26.5,47.3,861.0
2025-10-02T03:00:00Z,B004,S01,24.1,43.0,708.0
2025-10-05T00:00:00Z,B009,S03,21.9,54.5,673.0
2025-10-01T18:00:00Z,B010,S01,16.0,60.3,667.0
2025-10-04T09:00:00Z,B004,S02,23.8,58.1,803.0
2025-10-05T12:00:00Z,B008,S01,19.7,66.2,663.0
2025-10-05T18:00:00Z,B001,S02,14.9,65.0,481.0
2025-10-03T18:00:00Z,B008,S01,16.1,64.7,710.0
2025-10-02T15:00:00Z,B005,S03,17.0,60.6,720.0
2025-10-03T12:00:00Z,B010,S03,21.5,62.5,777.0
2025-10-05T15:00:00Z,B006,S01,17.3,72.0,686.0
2025-10-01T21:00:00Z,B006,S01,17.5,56.3,640.0
2025-10-03T03:00:00Z,B009,S03,25.9,50.9,883.0
2025-10-04T12:00:00Z,B001,S02,21.2,57.0,606.0
2025-10-03T09:00:00Z,B008,S01,25.4,60.6,885.0
2025-10-01T12:00:00Z,B010,S01,22.1,59.2,796.0
2025-10-04T12:00:00Z,B010,S02,20.4,68.4,801.0
2025-10-03T00:00:00Z,B004,S02,19.3,56.9,553.0
2025-10-03T15:00:00Z,B009,S02,19.2,66.4,654.0
2025-10-01T03:00:00Z,B005,S03,23.6,45.4,691.0
2025-10-03T21:00:00Z,B008,S02,16.7,64.4,526.0
2025-10-04T09:00:00Z,B001,S02,23.7,51.5,816.0
2025-10-03T00:00:00Z,B005,S02,20.9,64.4,708.0
2025-10-05T15:00:00Z,B001,S02,17.6,64.3,583.0
2025-10-04T03:00:00Z,B001,S03,24.7,46.6,600.0
2025-10-05T12:00:00Z,B010,S03,22.0,61.1,723.0
2025-10-01T15:00:00Z,B009,S03,18.4,66.9,655.0
2025-10-05T18:00:00Z,B008,S03,16.8,69.2,589.0
2025-10-05T18:00:00Z,B006,S01,17.3,70.0,604.0
2025-10-05T21:00:00Z,B005,S02,16.5,59.5,589.0
2025-10-01T18:00:00Z,B008,S01,16.3,65.7,562.0
2025-10-02T00:00:00Z,B006,S03,21.2,52.0,726.0
2025-10-02T06:00:00Z,B006,S03,26.7,51.7,806.0
2025-10-04T06:00:00Z,B007,S03,27.9,49.4,922.0
2025-10-04T21:00:00Z,B010,S01,17.9,62.5,691.0
2025-10-05T18:00:00Z,B010,S02,15.2,64.0,690.0
2025-10-05T00:00:00Z,B010,S01,21.5,53.6,781.0
2025-10-02T21:00:00Z,B007,S01,,60.3,568.0
2025-10-02T00:00:00Z,B009,S02,21.3,57.3,733.0
2025-10-05T12:00:00Z,B004,S02,20.8,59.7,662.0
2025-10-02T06:00:00Z,B005,S01,25.7,48.8,799.0
2025-10-05T00:00:00Z,B010,S03,21.2,57.8,841.0
2025-10-04T15:00:00Z,B007,S03,19.1,65.7,654.0
2025-10-02T15:00:00Z,B010,S01,18.9,67.6,661.0
2025-10-04T15:00:00Z,B001,S02,16.9,71.5,563.0
2025-10-02T00:00:00Z,B007,S03,19.3,56.9,759.0
2025-10-02T09:00:00Z,B001,S01,24.5,58.0,707.0
2025-10-04T00:00:00Z,B002,S01,19.2,51.1,558.0
2025-10-05T15:00:00Z,B008,S02,18.2,66.2,680.0
2025-10-05T21:00:00Z,B006,S01,16.8,54.6,527.0
2025-10-03T00:00:00Z,B002,S02,19.0,52.3,706.0
2025-10-05T06:00:00Z,B009,S01,26.8,43.5,789.0
2025-10-01T00:00:00Z,B004,S03,20.2,52.8,738.0
2025-10-01T03:00:00Z,B005,S02,24.6,54.3,780.0
2025-10-01T12:00:00Z,B009,S02,21.3,62.5,695.0
2025-10-03T21:00:00Z,B002,S01,15.9,55.1,443.0
2025-10-05T03:00:00Z,B007,S01,24.8,55.9,821.0
2025-10-05T21:00:00Z,B005,S01,18.8,53.5,633.0
2025-10-03T18:00:00Z,B007,S03,,64.5,703.0
2025-10-04T12:00:00Z,B004,S02,21.2,64.1,515.0
2025-10-02T12:00:00Z,B006,S01,21.3,60.8,627.0
2025-10-05T00:00:00Z,B009,S02,20.5,48.7,807.0
2025-10-05T12:00:00Z,B002,S01,21.1,60.0,723.0
2025-10-03T09:00:00Z,B005,S02,24.7,53.1,761.0
2025-10-03T15:00:00Z,B004,S03,17.6,55.6,608.0
2025-10-03T00:00:00Z,B005,S03,20.6,49.4,601.0
2025-10-02T21:00:00Z,B003,S01,17.2,61.0,617.0
2025-10-03T09:00:00Z,B009,S01,25.7,53.1,937.0
2025-10-01T18:00:00Z,B009,S02,14.9,66.7,539.0
2025-10-01T00:00:00Z,B005,S03,19.7,57.8,596.0
2025-10-02T00:00:00Z,B002,S03,19.1,54.7,605.0
2025-10-04T18:00:00Z,B008,S02,16.9,64.8,660.0
2025-10-01T03:00:00Z,B001,S01,23.0,52.2,647.0
2025-10-04T15:00:00Z,B003,S01,16.4,65.1,422.0
2025-10-04T03:00:00Z,B003,S01,24.9,51.2,738.0
2025-10-05T06:00:00Z,B008,S02,26.2,50.5,868.0
2025-10-04T18:00:00Z,B002,S03,16.8,67.8,589.0
2025-10-03T09:00:00Z,B010,S03,25.7,52.9,734.0
2025-10-02T21:00:00Z,B010,S03,18.1,55.6,564.0
2025-10-04T00:00:00Z,B008,S01,21.3,55.8,679.0
2025-10-05T03:00:00Z,B008,S01,23.2,52.8,747.0
2025-10-04T03:00:00Z,B009,S03,25.4,45.5,765.0
2025-10-05T18:00:00Z,B004,S01,16.1,56.4,674.0
2025-10-01T21:00:00Z,B010,S01,17.1,64.0,655.0
2025-10-01T15:00:00Z,B001,S02,17.1,62.5,580.0
2025-10-01T03:00:00Z,B002,S02,25.2,47.2,757.0
2025-10-04T21:00:00Z,B009,S01,19.5,62.9,785.0
2025-10-01T21:00:00Z,B007,S01,16.3,61.8,569.0
2025-10-04T15:00:00Z,B006,S01,17.4,66.5,651.0
2025-10-02T00:00:00Z,B003,S02,20.1,45.4,1600.0
2025-10-03T09:00:00Z,B009,S03,26.6,57.1,884.0
2025-10-01T15:00:00Z,B010,S03,19.0,71.2,795.0
2025-10-02T21:00:00Z,B005,S03,17.7,63.5,649.0
2025-10-02T06:00:00Z,B008,S01,27.3,58.9,719.0
2025-10-04T21:00:00Z,B008,S02,19.0,62.7,650.0
2025-10-01T00:00:00Z,B010,S01,22.6,60.3,654.0
2025-10-02T12:00:00Z,B008,S03,21.2,60.4,799.0
2025-10-01T21:00:00Z,B003,S01,17.7,58.3,532.0
2025-10-05T12:00:00Z,B004,S03,20.5,63.9,646.0
2025-10-01T15:00:00Z,B001,S03,15.8,64.0,608.0
2025-10-04T15:00:00Z,B004,S03,17.2,62.5,657.0
2025-10-04T03:00:00Z,B002,S03,23.6,44.4,654.0
2025-10-02T18:00:00Z,B007,S02,17.2,63.3,612.0
2025-10-02T09:00:00Z,B003,S03,24.1,60.8,717.0
2025-10-05T03:00:00Z,B002,S03,22.5,45.7,692.0
2025-10-04T12:00:00Z,B005,S03,21.7,60.1,722.0
2025-10-05T09:00:00Z,B004,S03,24.7,62.3,743.0
2025-10-05T21:00:00Z,B005,S03,16.3,60.5,579.0
2025-10-03T15:00:00Z,B004,S02,18.3,66.0,504.0
2025-10-03T18:00:00Z,B002,S02,14.9,65.9,1600.0
2025-10-04T12:00:00Z,B009,S01,20.6,64.4,720.0
2025-10-01T00:00:00Z,B009,S02,22.5,58.6,717.0
2025-10-02T03:00:00Z,B001,S02,23.1,50.2,672.0
2025-10-05T21:00:00Z,B010,S01,17.8,63.0,675.0
2025-10-04T15:00:00Z,B009,S02,18.2,62.7,619.0
2025-10-02T03:00:00Z,B005,S02,23.2,49.0,684.0
2025-10-01T18:00:00Z,B005,S01,17.8,68.1,696.0
2025-10-03T03:00:00Z,B005,S01,24.5,46.3,644.0
2025-10-04T06:00:00Z,B001,S03,25.4,49.8,703.0
2025-10-01T09:00:00Z,B004,S03,23.1,58.8,690.0
2025-10-01T18:00:00Z,B006,S02,15.6,65.9,591.0
2025-10-05T12:00:00Z,B009,S02,21.6,61.8,689.0
2025-10-01T18:00:00Z,B007,S01,18.5,63.4,558.0
2025-10-04T18:00:00Z,B002,S02,14.2,66.4,467.0
2025-10-01T06:00:00Z,B003,S02,27.0,47.1,786.0
2025-10-04T15:00:00Z,B001,S01,17.1,65.0,477.0
2025-10-02T03:00:00Z,B002,S02,24.5,55.8,737.0
2025-10-01T03:00:00Z,B009,S02,25.6,49.9,734.0
2025-10-03T12:00:00Z,B001,S03,20.1,67.9,505.0
2025-10-05T15:00:00Z,B002,S02,16.4,62.1,628.0
2025-10-02T21:00:00Z,B005,S01,17.3,56.4,558.0
2025-10-01T21:00:00Z,B006,S02,16.7,59.9,550.0
2025-10-04T09:00:00Z,B009,S01,25.1,57.2,883.0
2025-10-01T12:00:00Z,B001,S02,21.0,64.8,531.0
2025-10-04T18:00:00Z,B006,S03,15.8,66.4,601.0
2025-10-02T15:00:00Z,B004,S01,17.4,70.5,549.0
2025-10-05T18:00:00Z,B006,S02,15.8,63.2,542.0
2025-10-01T18:00:00Z,B005,S03,15.5,61.7,518.0
2025-10-01T21:00:00Z,B008,S01,17.5,61.8,632.0
2025-10-03T12:00:00Z,B004,S03,20.1,66.1,653.0
2025-10-05T21:00:00Z,B001,S01,17.3,59.2,569.0
2025-10-05T06:00:00Z,B004,S02,26.0,48.8,803.0
2025-10-02T15:00:00Z,B009,S01,17.5,69.4,615.0
2025-10-01T21:00:00Z,B009,S02,18.8,62.1,625.0
2025-10-03T00:00:00Z,B004,S03,21.1,56.1,
2025-10-03T12:00:00Z,B003,S01,21.4,61.7,645.0
2025-10-05T09:00:00Z,B001,S01,24.8,58.2,686.0
2025-10-04T09:00:00Z,B007,S03,24.3,60.4,787.0
2025-10-04T15:00:00Z,B003,S02,17.1,61.9,380.0
2025-10-05T12:00:00Z,B003,S01,19.9,65.3,626.0
2025-10-05T12:00:00Z,B006,S01,21.3,64.4,658.0
2025-10-02T18:00:00Z,B006,S02,15.0,60.3,681.0
2025-10-03T18:00:00Z,B006,S01,17.1,70.0,655.0
2025-10-01T12:00:00Z,B008,S01,22.9,65.8,811.0
2025-10-05T03:00:00Z,B004,S01,24.1,48.4,775.0
2025-10-04T09:00:00Z,B001,S03,24.1,60.3,750.0
2025-10-04T15:00:00Z,B003,S03,16.7,69.3,592.0
2025-10-01T12:00:00Z,B005,S02,20.2,60.7,582.0
2025-10-04T00:00:00Z,B007,S02,21.5,57.0,752.0
2025-10-01T21:00:00Z,B001,S02,15.8,61.6,488.0
2025-10-01T09:00:00Z,B002,S03,23.5,56.3,680.0
2025-10-03T15:00:00Z,B001,S01,16.2,64.5,642.0
2025-10-01T06:00:00Z,B004,S02,26.1,56.9,649.0
2025-10-04T09:00:00Z,B010,S01,25.2,58.2,808.0
2025-10-04T15:00:00Z,B009,S01,18.4,69.8,751.0
2025-10-03T15:00:00Z,B007,S01,17.9,63.0,595.0
2025-10-04T09:00:00Z,B010,S02,24.8,57.6,681.0
2025-10-05T03:00:00Z,B001,S01,23.2,52.1,603.0
2025-10-04T09:00:00Z,B007,S02,24.8,53.3,810.0
2025-10-01T09:00:00Z,B008,S03,25.6,52.3,841.0
2025-10-01T09:00:00Z,B009,S03,25.5,58.1,869.0
2025-10-05T06:00:00Z,B010,S02,27.1,46.5,758.0
2025-10-03T09:00:00Z,B005,S03,24.6,56.1,843.0
2025-10-01T03:00:00Z,B005,S01,24.7,52.3,585.0
2025-10-02T09:00:00Z,B008,S03,25.4,54.5,879.0
2025-10-05T12:00:00Z,B003,S03,21.2,65.3,757.0
2025-10-05T21:00:00Z,B007,S01,17.0,59.2,508.0
2025-10-02T12:00:00Z,B001,S03,21.7,67.0,629.0
2025-10-01T09:00:00Z,B007,S03,24.2,58.3,2500.0
2025-10-04T03:00:00Z,B007,S01,24.8,51.1,813.0
2025-10-05T21:00:00Z,B003,S01,17.4,60.4,582.0
2025-10-01T12:00:00Z,B007,S02,21.6,53.5,865.0
2025-10-01T12:00:00Z,B006,S01,21.1,57.2,572.0
2025-10-04T06:00:00Z,B010,S03,26.5,56.6,768.0
2025-10-01T00:00:00Z,B004,S02,19.7,58.6,727.0
2025-10-03T03:00:00Z,B003,S01,24.8,51.7,749.0
2025-10-04T00:00:00Z,B008,S03,21.7,54.2,661.0
2025-10-03T00:00:00Z,B010,S01,21.2,55.7,710.0
2025-10-01T03:00:00Z,B010,S03,25.9,50.5,825.0
2025-10-02T18:00:00Z,B005,S01,17.1,63.8,732.0
2025-10-02T12:00:00Z,B007,S02,22.2,62.7,716.0
2025-10-04T18:00:00Z,B005,S02,14.8,60.8,569.0
2025-10-01T03:00:00Z,B002,S03,23.5,52.8,749.0
2025-10-05T00:00:00Z,B003,S02,21.2,56.1,702.0
2025-10-02T06:00:00Z,B003,S02,25.3,48.1,748.0
2025-10-01T09:00:00Z,B007,S02,25.0,55.8,802.0
2025-10-03T00:00:00Z,B010,S02,22.2,54.6,761.0
2025-10-04T15:00:00Z,B008,S03,17.5,74.4,685.0
2025-10-03T21:00:00Z,B002,S02,15.7,59.6,503.0
2025-10-03T00:00:00Z,B010,S03,22.5,57.4,777.0
2025-10-04T12:00:00Z,B009,S03,22.9,60.6,794.0
2025-10-04T18:00:00Z,B009,S02,16.4,68.0,650.0
2025-10-02T06:00:00Z,B003,S01,26.0,57.0,744.0
2025-10-03T21:00:00Z,B007,S03,17.3,56.1,669.0
2025-10-03T09:00:00Z,B010,S01,24.9,56.3,695.0
2025-10-03T12:00:00Z,B008,S03,22.6,56.4,654.0
2025-10-04T21:00:00Z,B004,S01,17.0,63.6,663.0
2025-10-02T12:00:00Z,B010,S01,20.6,60.1,601.0
2025-10-04T00:00:00Z,B008,S02,21.0,54.9,
2025-10-02T06:00:00Z,B007,S01,25.5,53.7,718.0
2025-10-05T06:00:00Z,B005,S02,26.2,52.0,766.0
2025-10-01T18:00:00Z,B004,S01,14.7,71.2,707.0
2025-10-04T03:00:00Z,B003,S03,24.7,49.0,736.0
2025-10-02T21:00:00Z,B005,S02,16.4,62.1,509.0
2025-10-05T21:00:00Z,B008,S02,18.2,56.5,712.0
2025-10-02T09:00:00Z,B002,S03,24.2,55.1,709.0
2025-10-03T18:00:00Z,B005,S01,15.2,69.7,593.0
2025-10-03T03:00:00Z,B005,S02,25.3,44.1,658.0
2025-10-02T21:00:00Z,B002,S02,17.7,62.5,515.0
